year,min_temp,max_temp,acg_temp,region
1980,18.12240741,29.97481481,24.02222222,Africa
1981,17.96092593,29.93796296,23.92574074,Africa
1982,18.04444444,29.86296296,23.92407407,Africa
